,product_id,product_type,2012_1_star_rating,2012_1_eval_score
0,B005GSZB9Q,m,,
1,B002Z8041A,m,1.0,2.4188726939725473
2,B001C3789A,m,1.0,1.0
3,B004YKDYVE,m,4.5,3.684969725793889
4,B000ZIPHM8,m,2.0,2.860380764170432
5,B000W3JHHM,m,5.0,3.236602132109809
6,B004YKDYVE,m,4.5,3.684969725793889
7,B002Z8041A,m,1.0,2.4188726939725473
8,B003XSST4A,m,5.0,5.0
